{"name":"b2d49397-9d2f-46f6-be60-d7e82309f29f","id":"/providers/Microsoft.Flow/flows/b2d49397-9d2f-46f6-be60-d7e82309f29f","type":"Microsoft.Flow/flows","properties":{"apiId":"/providers/Microsoft.PowerApps/apis/shared_logicflows","displayName":"Auto Approve Offer Shift Requests","definition":{"metadata":{"workflowEntityId":null,"creator":{"id":"b11aa3f6-1d32-4b32-a10c-33304d91b78f","type":"User","tenantId":"72f988bf-86f1-41af-91ab-2d7cd011db47"},"provisioningMethod":"FromDefinition","failureAlertSubscription":true,"clientLastModifiedTime":"2020-05-22T03:00:50.5945481Z"},"$schema":"https://schema.management.azure.com/providers/Microsoft.Logic/schemas/2016-06-01/workflowdefinition.json#","contentVersion":"1.0.0.0","parameters":{"$connections":{"defaultValue":{},"type":"Object"},"$authentication":{"defaultValue":{},"type":"SecureObject"}},"triggers":{"Recurrence":{"recurrence":{"frequency":"Hour","interval":1,"startTime":"2020-05-21T17:00:00.000Z"},"type":"Recurrence"}},"actions":{"Shifts:_List_all_Offer_Shift_requests":{"runAfter":{},"type":"OpenApiConnection","inputs":{"host":{"apiId":"/providers/Microsoft.PowerApps/apis/shared_teams","connectionName":"shared_teams_1","operationId":"ListOfferShiftRequests"},"parameters":{"teamId":""},"authentication":"@parameters('$authentication')"}},"Apply_to_each":{"foreach":"@outputs('Shifts:_List_all_Offer_Shift_requests')?['body/value']","actions":{"Condition":{"actions":{"Shifts:_Approve_an_Offer_Shift_request":{"runAfter":{},"type":"OpenApiConnection","inputs":{"host":{"apiId":"/providers/Microsoft.PowerApps/apis/shared_teams","connectionName":"shared_teams_1","operationId":"OfferShiftRequestApprove"},"parameters":{"teamId":"","offerShiftRequestId":"@items('Apply_to_each')?['id']","request/message":"This request has been auto-approved"},"authentication":"@parameters('$authentication')"}}},"runAfter":{},"expression":{"and":[{"equals":["@items('Apply_to_each')?['assignedTo']","manager"]},{"equals":["@items('Apply_to_each')?['state']","pending"]}]},"type":"If"}},"runAfter":{"Shifts:_List_all_Offer_Shift_requests":["Succeeded"]},"type":"Foreach"}}},"connectionReferences":{"shared_teams_1":{"connectionName":"shared-teams-4e259d5e-dd80-42c6-921c-b5a99b2b5e9d","source":"Embedded","id":"/providers/Microsoft.PowerApps/apis/shared_teams","tier":"NotSpecified"}},"flowFailureAlertSubscribed":false}}