{"name":"27afab33-2e91-4028-aab9-c8449382e335","id":"/providers/Microsoft.Flow/flows/27afab33-2e91-4028-aab9-c8449382e335","type":"Microsoft.Flow/flows","properties":{"apiId":"/providers/Microsoft.PowerApps/apis/shared_logicflows","displayName":"Auto Approve Open Shift Request","definition":{"metadata":{"workflowEntityId":null,"creator":{"id":"b11aa3f6-1d32-4b32-a10c-33304d91b78f","type":"User","tenantId":"72f988bf-86f1-41af-91ab-2d7cd011db47"},"provisioningMethod":"FromDefinition","failureAlertSubscription":true,"clientLastModifiedTime":"2020-05-22T05:56:54.251161Z"},"$schema":"https://schema.management.azure.com/providers/Microsoft.Logic/schemas/2016-06-01/workflowdefinition.json#","contentVersion":"1.0.0.0","parameters":{"$connections":{"defaultValue":{},"type":"Object"},"$authentication":{"defaultValue":{},"type":"SecureObject"}},"triggers":{"Recurrence_(Every_Hour)":{"recurrence":{"frequency":"Hour","interval":1,"startTime":"2020-05-21T17:00:00.000Z"},"type":"Recurrence"}},"actions":{"Shifts:_List_all_Open_Shift_requests":{"runAfter":{},"type":"OpenApiConnection","inputs":{"host":{"apiId":"/providers/Microsoft.PowerApps/apis/shared_teams","connectionName":"shared_teams","operationId":"ListOpenShiftChangeRequests"},"parameters":{"teamId":""},"authentication":"@parameters('$authentication')"}},"Apply_to_each":{"foreach":"@outputs('Shifts:_List_all_Open_Shift_requests')?['body/value']","actions":{"Condition_(Check_if_request_is_in_the_pending_state)":{"actions":{"Shifts:_Approve_an_Offer_Shift_request":{"runAfter":{},"type":"OpenApiConnection","inputs":{"host":{"apiId":"/providers/Microsoft.PowerApps/apis/shared_teams","connectionName":"shared_teams","operationId":"OfferShiftRequestApprove"},"parameters":{"teamId":"","offerShiftRequestId":"@items('Apply_to_each')?['id']","request/message":"Your request has been auto-approved"},"authentication":"@parameters('$authentication')"}}},"runAfter":{},"expression":{"equals":["@items('Apply_to_each')?['state']","pending"]},"type":"If"}},"runAfter":{"Shifts:_List_all_Open_Shift_requests":["Succeeded"]},"type":"Foreach"}}},"connectionReferences":{"shared_teams":{"connectionName":"shared-teams-18f4aa8e-75ff-4687-9af9-28eb8b44cf9a","source":"Embedded","id":"/providers/Microsoft.PowerApps/apis/shared_teams","tier":"NotSpecified"}},"flowFailureAlertSubscribed":false}}